PIXEL,LABEL
115132,
115133,
115134,
115135,
116132,
116133,Findlay Township
116134,Findlay Township
116135,
116136,
117131,
117132,Findlay Township
117133,Findlay Township
117134,Findlay Township
117135,Findlay Township
117136,Findlay Township
117137,
118130,
118131,Findlay Township
118132,Findlay Township
118133,Findlay Township
118134,Findlay Township
118135,Findlay Township
118136,Findlay Township
118137,Findlay Township
118138,
119129,
119130,Findlay Township
119131,Findlay Township
119132,Findlay Township
119133,Findlay Township
119134,Findlay Township
119135,Findlay Township
119136,Findlay Township
119137,Findlay Township
119138,Findlay Township
119139,
120128,
120129,Findlay Township
120130,Findlay Township
120131,Findlay Township
120132,Findlay Township
120133,Findlay Township
120134,Findlay Township
120135,Findlay Township
120136,Findlay Township
120137,Findlay Township
120138,Findlay Township
120139,Findlay Township
120140,
121127,
121128,Findlay Township
121129,Findlay Township
121130,Findlay Township
121131,Findlay Township
121132,Findlay Township
121133,Findlay Township
121134,Findlay Township
121135,Findlay Township
121136,Findlay Township
121137,Findlay Township
121138,Findlay Township
121139,Findlay Township
121139,North Fayette Township
121140,Findlay Township
121140,North Fayette Township
121141,
121142,
122126,
122127,
122128,Findlay Township
122129,Findlay Township
122130,Findlay Township
122131,Findlay Township
122132,Findlay Township
122133,Findlay Township
122134,Findlay Township
122135,Findlay Township
122136,Findlay Township
122137,Findlay Township
122138,Findlay Township
122138,North Fayette Township
122139,Findlay Township
122139,North Fayette Township
122140,North Fayette Township
122141,North Fayette Township
122142,
122143,
123125,
123126,
123127,Findlay Township
123127,Moon Township
123128,Findlay Township
123128,Moon Township
123129,Findlay Township
123130,Findlay Township
123131,Findlay Township
123132,Findlay Township
123133,Findlay Township
123134,Findlay Township
123135,Findlay Township
123136,Findlay Township
123137,Findlay Township
123138,Findlay Township
123138,North Fayette Township
123139,North Fayette Township
123140,North Fayette Township
123141,North Fayette Township
123142,North Fayette Township
123143,
123144,
124124,
124125,
124126,Moon Township
124127,Moon Township
124128,Findlay Township
124128,Moon Township
124129,Findlay Township
124129,Moon Township
124130,Findlay Township
124130,Moon Township
124131,Findlay Township
124132,Findlay Township
124133,Findlay Township
124134,Findlay Township
124135,Findlay Township
124136,Findlay Township
124137,Findlay Township
124137,North Fayette Township
124138,Findlay Township
124138,North Fayette Township
124139,North Fayette Township
124140,North Fayette Township
124141,North Fayette Township
124142,North Fayette Township
124143,North Fayette Township
124144,
124145,
124146,
125124,
125125,Crescent Township
125125,Moon Township
125126,Moon Township
125127,Moon Township
125128,Moon Township
125129,Moon Township
125130,Findlay Township
125130,Moon Township
125131,Findlay Township
125131,Moon Township
125132,Findlay Township
125133,Findlay Township
125134,Findlay Township
125135,Findlay Township
125136,Findlay Township
125137,Findlay Township
125137,North Fayette Township
125138,North Fayette Township
125139,North Fayette Township
125140,North Fayette Township
125141,North Fayette Township
125142,North Fayette Township
125143,North Fayette Township
125144,North Fayette Township
125145,North Fayette Township
125146,
125147,
126123,
126124,Crescent Township
126125,Crescent Township
126125,Moon Township
126126,Crescent Township
126126,Moon Township
126127,Moon Township
126128,Moon Township
126129,Moon Township
126130,Moon Township
126131,Findlay Township
126131,Moon Township
126132,Findlay Township
126132,Moon Township
126133,Findlay Township
126134,Findlay Township
126135,Findlay Township
126136,Findlay Township
126136,North Fayette Township
126137,Findlay Township
126137,North Fayette Township
126138,North Fayette Township
126139,North Fayette Township
126140,North Fayette Township
126141,North Fayette Township
126142,North Fayette Township
126143,North Fayette Township
126144,North Fayette Township
126145,McDonald Borough
126145,North Fayette Township
126146,McDonald Borough
126147,
127121,
127122,
127123,Crescent Township
127123,Leetsdale Borough
127124,Crescent Township
127124,Leetsdale Borough
127125,Crescent Township
127126,Crescent Township
127126,Moon Township
127127,Moon Township
127128,Moon Township
127129,Moon Township
127130,Moon Township
127131,Moon Township
127132,Findlay Township
127132,Moon Township
127133,Findlay Township
127133,Moon Township
127134,Findlay Township
127134,Moon Township
127135,Findlay Township
127136,Findlay Township
127136,North Fayette Township
127137,North Fayette Township
127138,North Fayette Township
127139,North Fayette Township
127140,North Fayette Township
127141,North Fayette Township
127142,North Fayette Township
127143,North Fayette Township
127144,North Fayette Township
127145,McDonald Borough
127145,North Fayette Township
127145,South Fayette Township
127146,McDonald Borough
127146,North Fayette Township
127146,South Fayette Township
127147,South Fayette Township
127148,
128121,
128122,Leet Township
128123,Leet Township
128123,Leetsdale Borough
128124,Crescent Township
128124,Leet Township
128124,Leetsdale Borough
128125,Crescent Township
128125,Leetsdale Borough
128126,Crescent Township
128126,Moon Township
128127,Crescent Township
128127,Moon Township
128128,Moon Township
128129,Moon Township
128130,Moon Township
128131,Moon Township
128132,Moon Township
128133,Moon Township
128134,Findlay Township
128134,Moon Township
128135,Findlay Township
128136,Findlay Township
128136,North Fayette Township
128137,Findlay Township
128137,North Fayette Township
128138,North Fayette Township
128139,North Fayette Township
128140,North Fayette Township
128141,North Fayette Township
128142,North Fayette Township
128143,North Fayette Township
128144,North Fayette Township
128144,South Fayette Township
128145,North Fayette Township
128145,South Fayette Township
128146,South Fayette Township
128147,South Fayette Township
128148,South Fayette Township
128149,
128150,
129120,
129121,Bell Acres Borough
129122,Bell Acres Borough
129122,Leet Township
129123,Leet Township
129124,Leet Township
129124,Leetsdale Borough
129125,Crescent Township
129125,Edgeworth Borough
129125,Leetsdale Borough
129126,Crescent Township
129126,Edgeworth Borough
129126,Leetsdale Borough
129126,Moon Township
129127,Moon Township
129128,Moon Township
129129,Moon Township
129130,Moon Township
129131,Moon Township
129132,Moon Township
129133,Moon Township
129134,Findlay Township
129134,Moon Township
129135,Findlay Township
129135,Moon Township
129136,Findlay Township
129137,Findlay Township
129137,North Fayette Township
129138,North Fayette Township
129139,North Fayette Township
129140,North Fayette Township
129141,North Fayette Township
129142,North Fayette Township
129142,Oakdale Borough
129143,North Fayette Township
129143,South Fayette Township
129144,North Fayette Township
129144,South Fayette Township
129145,South Fayette Township
129146,South Fayette Township
129147,South Fayette Township
129148,South Fayette Township
129149,South Fayette Township
129150,
129151,
130119,
130120,
130121,Bell Acres Borough
130122,Bell Acres Borough
130122,Leet Township
130123,Bell Acres Borough
130123,Leet Township
130124,Bell Acres Borough
130124,Edgeworth Borough
130124,Leet Township
130124,Leetsdale Borough
130125,Edgeworth Borough
130125,Leet Township
130125,Leetsdale Borough
130126,Edgeworth Borough
130126,Moon Township
130127,Edgeworth Borough
130127,Moon Township
130127,Sewickley Borough
130128,Moon Township
130128,Sewickley Borough
130129,Moon Township
130130,Moon Township
130131,Moon Township
130132,Moon Township
130133,Moon Township
130134,Moon Township
130135,Findlay Township
130135,Moon Township
130136,Findlay Township
130136,Moon Township
130136,North Fayette Township
130137,Findlay Township
130137,North Fayette Township
130138,North Fayette Township
130139,North Fayette Township
130140,North Fayette Township
130141,North Fayette Township
130142,North Fayette Township
130142,Oakdale Borough
130143,North Fayette Township
130143,Oakdale Borough
130143,South Fayette Township
130144,South Fayette Township
130145,South Fayette Township
130146,South Fayette Township
130147,South Fayette Township
130148,South Fayette Township
130149,South Fayette Township
130150,South Fayette Township
130151,
131118,
131119,Bell Acres Borough
131120,Bell Acres Borough
131121,Bell Acres Borough
131122,Bell Acres Borough
131123,Bell Acres Borough
131123,Sewickley Heights Borough
131124,Bell Acres Borough
131124,Edgeworth Borough
131124,Leet Township
131124,Sewickley Heights Borough
131125,Edgeworth Borough
131125,Sewickley Heights Borough
131126,Edgeworth Borough
131126,Sewickley Borough
131126,Sewickley Heights Borough
131127,Edgeworth Borough
131127,Sewickley Borough
131127,Sewickley Heights Borough
131128,Glen Osborne Borough
131128,Moon Township
131128,Sewickley Borough
131129,Coraopolis Borough
131129,Moon Township
131130,Coraopolis Borough
131130,Moon Township
131131,Moon Township
131132,Moon Township
131133,Moon Township
131134,Moon Township
131135,Moon Township
131136,Moon Township
131136,North Fayette Township
131137,North Fayette Township
131138,North Fayette Township
131139,North Fayette Township
131140,North Fayette Township
131141,North Fayette Township
131142,North Fayette Township
131142,Oakdale Borough
131142,South Fayette Township
131143,North Fayette Township
131143,Oakdale Borough
131143,South Fayette Township
131144,South Fayette Township
131145,South Fayette Township
131146,South Fayette Township
131147,South Fayette Township
131148,South Fayette Township
131149,South Fayette Township
131150,South Fayette Township
131151,South Fayette Township
131152,
132118,
132119,Bell Acres Borough
132120,Bell Acres Borough
132121,Bell Acres Borough
132122,Bell Acres Borough
132123,Bell Acres Borough
132123,Sewickley Heights Borough
132124,Sewickley Heights Borough
132125,Sewickley Heights Borough
132126,Sewickley Borough
132126,Sewickley Heights Borough
132127,Aleppo Township
132127,Glen Osborne Borough
132127,Sewickley Borough
132127,Sewickley Heights Borough
132128,Aleppo Township
132128,Coraopolis Borough
132128,Glen Osborne Borough
132128,Moon Township
132128,Sewickley Borough
132129,Coraopolis Borough
132129,Glen Osborne Borough
132129,Moon Township
132130,Coraopolis Borough
132130,Moon Township
132131,Coraopolis Borough
132131,Moon Township
132132,Moon Township
132133,Moon Township
132134,Moon Township
132135,Moon Township
132136,Moon Township
132136,North Fayette Township
132136,Robinson Township
132137,North Fayette Township
132137,Robinson Township
132138,North Fayette Township
132138,Robinson Township
132139,North Fayette Township
132139,Robinson Township
132140,Collier Township
132140,North Fayette Township
132140,Robinson Township
132141,Collier Township
132141,North Fayette Township
132142,Collier Township
132142,North Fayette Township
132142,South Fayette Township
132143,Collier Township
132143,North Fayette Township
132143,South Fayette Township
132144,Collier Township
132144,South Fayette Township
132145,Collier Township
132145,South Fayette Township
132146,South Fayette Township
132147,South Fayette Township
132148,South Fayette Township
132149,South Fayette Township
132150,South Fayette Township
132151,South Fayette Township
132152,
133112,
133113,
133114,
133115,
133116,
133117,
133118,
133119,Bell Acres Borough
133119,Franklin Park Borough
133120,Bell Acres Borough
133120,Franklin Park Borough
133121,Bell Acres Borough
133122,Bell Acres Borough
133122,Sewickley Heights Borough
133123,Bell Acres Borough
133123,Sewickley Heights Borough
133124,Sewickley Heights Borough
133125,Sewickley Heights Borough
133126,Sewickley Borough
133126,Sewickley Heights Borough
133127,Aleppo Township
133127,Sewickley Borough
133127,Sewickley Heights Borough
133128,Aleppo Township
133128,Glen Osborne Borough
133128,Haysville Borough
133129,Aleppo Township
133129,Coraopolis Borough
133129,Glen Osborne Borough
133129,Glenfield Borough
133129,Haysville Borough
133129,Neville Township
133130,Coraopolis Borough
133130,Neville Township
133131,Coraopolis Borough
133131,Moon Township
133132,Moon Township
133132,Robinson Township
133133,Moon Township
133133,Robinson Township
133134,Moon Township
133134,Robinson Township
133135,Moon Township
133135,Robinson Township
133136,Moon Township
133136,Robinson Township
133137,Robinson Township
133138,Robinson Township
133139,Collier Township
133139,Robinson Township
133140,Collier Township
133140,Robinson Township
133141,Collier Township
133142,Collier Township
133143,Collier Township
133144,Collier Township
133145,Collier Township
133145,South Fayette Township
133146,South Fayette Township
133147,South Fayette Township
133148,South Fayette Township
133149,South Fayette Township
133150,South Fayette Township
133151,South Fayette Township
133152,
133153,
134111,
134112,Marshall Township
134113,Marshall Township
134114,Marshall Township
134115,Marshall Township
134116,Marshall Township
134117,Marshall Township
134118,Marshall Township
134119,Franklin Park Borough
134119,Marshall Township
134120,Bell Acres Borough
134120,Franklin Park Borough
134121,Bell Acres Borough
134121,Franklin Park Borough
134122,Bell Acres Borough
134122,Sewickley Heights Borough
134122,Sewickley Hills Borough
134123,Sewickley Heights Borough
134123,Sewickley Hills Borough
134124,Sewickley Heights Borough
134125,Sewickley Heights Borough
134126,Sewickley Heights Borough
134127,Aleppo Township
134127,Sewickley Heights Borough
134128,Aleppo Township
134128,Sewickley Heights Borough
134129,Aleppo Township
134129,Glenfield Borough
134129,Haysville Borough
134129,Neville Township
134130,Coraopolis Borough
134130,Glenfield Borough
134130,Neville Township
134130,Robinson Township
134131,Coraopolis Borough
134131,Moon Township
134131,Robinson Township
134132,Moon Township
134132,Robinson Township
134133,Moon Township
134133,Robinson Township
134134,Robinson Township
134135,Robinson Township
134136,Robinson Township
134137,Robinson Township
134138,Robinson Township
134139,Collier Township
134139,Robinson Township
134140,Collier Township
134141,Collier Township
134142,Collier Township
134143,Collier Township
134144,Collier Township
134145,Collier Township
134145,South Fayette Township
134146,Collier Township
134146,South Fayette Township
134147,South Fayette Township
134148,South Fayette Township
134149,South Fayette Township
134150,South Fayette Township
134151,South Fayette Township
134152,South Fayette Township
134153,
135111,
135112,Marshall Township
135113,Marshall Township
135114,Marshall Township
135115,Marshall Township
135116,Marshall Township
135117,Marshall Township
135118,Marshall Township
135119,Franklin Park Borough
135119,Marshall Township
135120,Franklin Park Borough
135121,Bell Acres Borough
135121,Franklin Park Borough
135122,Bell Acres Borough
135122,Franklin Park Borough
135122,Sewickley Heights Borough
135122,Sewickley Hills Borough
135123,Sewickley Heights Borough
135123,Sewickley Hills Borough
135124,Sewickley Heights Borough
135124,Sewickley Hills Borough
135125,Sewickley Heights Borough
135126,Sewickley Heights Borough
135127,Aleppo Township
135127,Sewickley Heights Borough
135127,Sewickley Hills Borough
135128,Aleppo Township
135128,Sewickley Heights Borough
135129,Aleppo Township
135129,Glenfield Borough
135130,Glenfield Borough
135130,Neville Township
135130,Robinson Township
135131,Neville Township
135131,Robinson Township
135132,Robinson Township
135133,Robinson Township
135134,Robinson Township
135135,Robinson Township
135136,Robinson Township
135137,Robinson Township
135138,Robinson Township
135139,Collier Township
135139,Robinson Township
135140,Collier Township
135140,Robinson Township
135141,Collier Township
135142,Collier Township
135143,Collier Township
135144,Collier Township
135145,Collier Township
135146,Collier Township
135146,South Fayette Township
135147,South Fayette Township
135148,South Fayette Township
135149,South Fayette Township
135150,South Fayette Township
135151,South Fayette Township
135152,South Fayette Township
135153,
136111,
136112,Marshall Township
136113,Marshall Township
136114,Marshall Township
136115,Marshall Township
136116,Marshall Township
136117,Marshall Township
136118,Marshall Township
136119,Franklin Park Borough
136119,Marshall Township
136120,Franklin Park Borough
136121,Franklin Park Borough
136122,Franklin Park Borough
136122,Sewickley Hills Borough
136123,Franklin Park Borough
136123,Sewickley Heights Borough
136123,Sewickley Hills Borough
136124,Sewickley Heights Borough
136124,Sewickley Hills Borough
136125,Sewickley Heights Borough
136125,Sewickley Hills Borough
136126,Ohio Township
136126,Sewickley Heights Borough
136126,Sewickley Hills Borough
136127,Aleppo Township
136127,Ohio Township
136127,Sewickley Heights Borough
136127,Sewickley Hills Borough
136128,Aleppo Township
136128,Kilbuck Township
136128,Ohio Township
136128,Sewickley Hills Borough
136129,Aleppo Township
136129,Glenfield Borough
136129,Kilbuck Township
136130,Glenfield Borough
136130,Kilbuck Township
136130,Neville Township
136131,Kennedy Township
136131,Neville Township
136131,Robinson Township
136132,Kennedy Township
136132,Robinson Township
136133,Kennedy Township
136133,Robinson Township
136134,Kennedy Township
136134,Robinson Township
136135,Kennedy Township
136135,Robinson Township
136136,Robinson Township
136137,Robinson Township
136138,Robinson Township
136139,Robinson Township
136140,Collier Township
136140,Robinson Township
136141,Collier Township
136142,Collier Township
136143,Collier Township
136144,Collier Township
136145,Collier Township
136146,Bridgeville Borough
136146,Collier Township
136146,South Fayette Township
136147,Bridgeville Borough
136147,Collier Township
136147,South Fayette Township
136148,Bridgeville Borough
136148,South Fayette Township
136149,South Fayette Township
136149,Upper St. Clair Municipality
136150,South Fayette Township
136150,Upper St. Clair Municipality
136151,South Fayette Township
136151,Upper St. Clair Municipality
136152,South Fayette Township
136152,Upper St. Clair Municipality
136153,Upper St. Clair Municipality
136154,
137111,
137112,Marshall Township
137113,Marshall Township
137114,Marshall Township
137115,Marshall Township
137116,Marshall Township
137117,Marshall Township
137118,Marshall Township
137119,Franklin Park Borough
137119,Marshall Township
137120,Franklin Park Borough
137121,Franklin Park Borough
137122,Franklin Park Borough
137123,Franklin Park Borough
137123,Ohio Township
137123,Sewickley Hills Borough
137124,Franklin Park Borough
137124,Ohio Township
137124,Sewickley Hills Borough
137125,Ohio Township
137125,Sewickley Hills Borough
137126,Ohio Township
137126,Sewickley Hills Borough
137127,Ohio Township
137128,Kilbuck Township
137128,Ohio Township
137129,Kilbuck Township
137130,Emsworth Borough
137130,Kilbuck Township
137130,Neville Township
137131,Emsworth Borough
137131,Kennedy Township
137131,Kilbuck Township
137131,Neville Township
137131,Robinson Township
137132,Kennedy Township
137132,Neville Township
137133,Kennedy Township
137134,Kennedy Township
137135,Kennedy Township
137135,Robinson Township
137136,Kennedy Township
137136,Robinson Township
137137,Kennedy Township
137137,Robinson Township
137138,Robinson Township
137139,Pennsbury Village Borough
137139,Robinson Township
137140,Collier Township
137140,Pennsbury Village Borough
137140,Robinson Township
137141,Collier Township
137141,Robinson Township
137142,Collier Township
137142,Robinson Township
137143,Collier Township
137144,Collier Township
137145,Collier Township
137146,Collier Township
137147,Bridgeville Borough
137147,Collier Township
137148,Bridgeville Borough
137148,South Fayette Township
137148,Upper St. Clair Municipality
137149,South Fayette Township
137149,Upper St. Clair Municipality
137150,South Fayette Township
137150,Upper St. Clair Municipality
137151,South Fayette Township
137151,Upper St. Clair Municipality
137152,Upper St. Clair Municipality
137153,Upper St. Clair Municipality
137154,
138111,
138112,Marshall Township
138113,Marshall Township
138114,Marshall Township
138115,Marshall Township
138116,Marshall Township
138117,Marshall Township
138118,Marshall Township
138119,Franklin Park Borough
138119,Marshall Township
138120,Franklin Park Borough
138121,Franklin Park Borough
138122,Franklin Park Borough
138123,Franklin Park Borough
138124,Franklin Park Borough
138124,Ohio Township
138125,Franklin Park Borough
138125,Ohio Township
138126,Ohio Township
138127,Ohio Township
138128,Kilbuck Township
138128,Ohio Township
138129,Kilbuck Township
138129,Ohio Township
138130,Emsworth Borough
138130,Kilbuck Township
138131,Emsworth Borough
138131,Neville Township
138132,Kennedy Township
138132,Neville Township
138132,Stowe Township
138133,Kennedy Township
138133,Stowe Township
138134,Kennedy Township
138135,Kennedy Township
138136,Kennedy Township
138136,Pittsburgh
138137,Kennedy Township
138137,Pittsburgh
138137,Robinson Township
138138,Robinson Township
138139,Pennsbury Village Borough
138139,Robinson Township
138139,Rosslyn Farms Borough
138139,Thornburg Borough
138140,Pennsbury Village Borough
138140,Robinson Township
138140,Rosslyn Farms Borough
138141,Carnegie Borough
138141,Robinson Township
138141,Rosslyn Farms Borough
138142,Carnegie Borough
138142,Collier Township
138142,Robinson Township
138143,Carnegie Borough
138143,Collier Township
138143,Heidelberg Borough
138143,Scott Township
138144,Collier Township
138144,Heidelberg Borough
138144,Scott Township
138145,Collier Township
138145,Scott Township
138146,Collier Township
138146,Scott Township
138147,Bridgeville Borough
138147,Collier Township
138147,Scott Township
138147,Upper St. Clair Municipality
138148,Bridgeville Borough
138148,Upper St. Clair Municipality
138149,Upper St. Clair Municipality
138150,Upper St. Clair Municipality
138151,Upper St. Clair Municipality
138152,Upper St. Clair Municipality
138153,Upper St. Clair Municipality
138154,Upper St. Clair Municipality
138155,
139111,
139112,Marshall Township
139113,Marshall Township
139114,Marshall Township
139115,Marshall Township
139116,Bradford Woods Borough
139116,Marshall Township
139117,Bradford Woods Borough
139117,Marshall Township
139118,Marshall Township
139119,Franklin Park Borough
139119,Marshall Township
139120,Franklin Park Borough
139121,Franklin Park Borough
139122,Franklin Park Borough
139123,Franklin Park Borough
139124,Franklin Park Borough
139125,Franklin Park Borough
139125,Ohio Township
139126,Franklin Park Borough
139126,Ohio Township
139127,Ohio Township
139128,Ohio Township
139129,Kilbuck Township
139129,Ohio Township
139130,Ben Avon Borough
139130,Emsworth Borough
139130,Kilbuck Township
139131,Ben Avon Borough
139131,Emsworth Borough
139131,Kilbuck Township
139131,Neville Township
139132,Ben Avon Borough
139132,Neville Township
139132,Stowe Township
139133,Kennedy Township
139133,Neville Township
139133,Stowe Township
139134,Kennedy Township
139134,Stowe Township
139135,Kennedy Township
139135,McKees Rocks Borough
139135,Stowe Township
139136,Kennedy Township
139136,McKees Rocks Borough
139136,Pittsburgh
139137,Pittsburgh
139137,Robinson Township
139138,Crafton Borough
139138,Pittsburgh
139138,Robinson Township
139138,Thornburg Borough
139139,Crafton Borough
139139,Robinson Township
139139,Rosslyn Farms Borough
139139,Thornburg Borough
139140,Crafton Borough
139140,Pittsburgh
139140,Rosslyn Farms Borough
139140,Thornburg Borough
139141,Carnegie Borough
139141,Pittsburgh
139141,Rosslyn Farms Borough
139141,Scott Township
139142,Carnegie Borough
139142,Scott Township
139143,Carnegie Borough
139143,Heidelberg Borough
139143,Scott Township
139144,Heidelberg Borough
139144,Scott Township
139145,Mount Lebanon
139145,Scott Township
139146,Mount Lebanon
139146,Scott Township
139147,Scott Township
139147,Upper St. Clair Municipality
139148,Upper St. Clair Municipality
139149,Upper St. Clair Municipality
139150,Upper St. Clair Municipality
139151,Upper St. Clair Municipality
139152,Upper St. Clair Municipality
139153,Upper St. Clair Municipality
139154,Bethel Park Municipality
139154,Upper St. Clair Municipality
139155,
140111,
140112,Marshall Township
140113,Marshall Township
140114,Marshall Township
140115,Marshall Township
140116,Bradford Woods Borough
140116,Marshall Township
140117,Bradford Woods Borough
140117,Marshall Township
140118,Marshall Township
140119,Franklin Park Borough
140119,Marshall Township
140120,Franklin Park Borough
140121,Franklin Park Borough
140122,Franklin Park Borough
140123,Franklin Park Borough
140124,Franklin Park Borough
140125,Franklin Park Borough
140126,Franklin Park Borough
140126,Ohio Township
140127,Franklin Park Borough
140127,Ohio Township
140128,Ohio Township
140129,Kilbuck Township
140129,Ohio Township
140130,Ben Avon Borough
140130,Ben Avon Heights Borough
140130,Kilbuck Township
140130,Ohio Township
140131,Avalon Borough
140131,Ben Avon Borough
140131,Ben Avon Heights Borough
140131,Kilbuck Township
140132,Avalon Borough
140132,Ben Avon Borough
140132,Neville Township
140133,Neville Township
140133,Stowe Township
140134,Stowe Township
140135,Kennedy Township
140135,McKees Rocks Borough
140135,Stowe Township
140136,Kennedy Township
140136,McKees Rocks Borough
140136,Pittsburgh
140137,Ingram Borough
140137,Pittsburgh
140138,Crafton Borough
140138,Ingram Borough
140138,Pittsburgh
140139,Crafton Borough
140139,Pittsburgh
140139,Thornburg Borough
140140,Crafton Borough
140140,Green Tree Borough
140140,Pittsburgh
140141,Green Tree Borough
140141,Pittsburgh
140141,Rosslyn Farms Borough
140141,Scott Township
140142,Carnegie Borough
140142,Green Tree Borough
140142,Scott Township
140143,Carnegie Borough
140143,Scott Township
140144,Mount Lebanon
140144,Scott Township
140145,Mount Lebanon
140145,Scott Township
140146,Mount Lebanon
140146,Scott Township
140147,Mount Lebanon
140147,Scott Township
140147,Upper St. Clair Municipality
140148,Upper St. Clair Municipality
140149,Upper St. Clair Municipality
140150,Upper St. Clair Municipality
140151,Bethel Park Municipality
140151,Upper St. Clair Municipality
140152,Bethel Park Municipality
140152,Upper St. Clair Municipality
140153,Bethel Park Municipality
140153,Upper St. Clair Municipality
140154,Bethel Park Municipality
140154,Upper St. Clair Municipality
140155,
141111,
141112,Marshall Township
141112,Pine Township
141113,Marshall Township
141113,Pine Township
141114,Marshall Township
141114,Pine Township
141115,Marshall Township
141115,Pine Township
141116,Bradford Woods Borough
141116,Marshall Township
141116,Pine Township
141117,Bradford Woods Borough
141117,Marshall Township
141117,Pine Township
141118,Marshall Township
141118,Pine Township
141119,Franklin Park Borough
141119,Marshall Township
141119,McCandless Township
141119,Pine Township
141120,Franklin Park Borough
141120,McCandless Township
141121,Franklin Park Borough
141121,McCandless Township
141122,Franklin Park Borough
141122,McCandless Township
141123,Franklin Park Borough
141123,McCandless Township
141124,Franklin Park Borough
141124,McCandless Township
141125,Franklin Park Borough
141125,McCandless Township
141126,Franklin Park Borough
141126,McCandless Township
141126,Ross Township
141127,Franklin Park Borough
141127,Ohio Township
141127,Ross Township
141128,Ohio Township
141128,Ross Township
141129,Ohio Township
141129,Ross Township
141130,Ben Avon Heights Borough
141130,Kilbuck Township
141130,Ohio Township
141130,Ross Township
141131,Avalon Borough
141131,Bellevue Borough
141131,Ben Avon Heights Borough
141131,Kilbuck Township
141131,Ross Township
141132,Avalon Borough
141132,Bellevue Borough
141132,Neville Township
141133,Avalon Borough
141133,Bellevue Borough
141133,Neville Township
141133,Stowe Township
141134,Bellevue Borough
141134,McKees Rocks Borough
141134,Stowe Township
141135,McKees Rocks Borough
141135,Stowe Township
141136,McKees Rocks Borough
141136,Pittsburgh
141137,Ingram Borough
141137,Pittsburgh
141138,Crafton Borough
141138,Ingram Borough
141138,Pittsburgh
141139,Crafton Borough
141139,Pittsburgh
141140,Crafton Borough
141140,Green Tree Borough
141140,Pittsburgh
141141,Green Tree Borough
141141,Pittsburgh
141142,Green Tree Borough
141142,Scott Township
141143,Green Tree Borough
141143,Mount Lebanon
141143,Scott Township
141144,Mount Lebanon
141144,Scott Township
141145,Mount Lebanon
141146,Mount Lebanon
141147,Mount Lebanon
141147,Upper St. Clair Municipality
141148,Bethel Park Municipality
141148,Mount Lebanon
141148,Upper St. Clair Municipality
141149,Bethel Park Municipality
141149,Upper St. Clair Municipality
141150,Bethel Park Municipality
141150,Upper St. Clair Municipality
141151,Bethel Park Municipality
141151,Upper St. Clair Municipality
141152,Bethel Park Municipality
141153,Bethel Park Municipality
141154,Bethel Park Municipality
141155,Bethel Park Municipality
141156,
142111,
142112,Pine Township
142113,Pine Township
142114,Pine Township
142115,Pine Township
142116,Pine Township
142117,Pine Township
142118,Pine Township
142119,McCandless Township
142119,Pine Township
142120,McCandless Township
142121,McCandless Township
142122,McCandless Township
142123,McCandless Township
142124,McCandless Township
142125,McCandless Township
142126,McCandless Township
142126,Ross Township
142127,Ross Township
142128,Ross Township
142129,Ross Township
142129,West View Borough
142130,Ross Township
142130,West View Borough
142131,Bellevue Borough
142131,Ross Township
142132,Bellevue Borough
142132,Ross Township
142133,Bellevue Borough
142133,Pittsburgh
142133,Ross Township
142134,Bellevue Borough
142134,McKees Rocks Borough
142134,Pittsburgh
142134,Stowe Township
142135,McKees Rocks Borough
142135,Pittsburgh
142136,McKees Rocks Borough
142136,Pittsburgh
142137,Pittsburgh
142138,Pittsburgh
142139,Pittsburgh
142140,Green Tree Borough
142140,Pittsburgh
142141,Green Tree Borough
142141,Pittsburgh
142142,Green Tree Borough
142142,Pittsburgh
142143,Dormont Borough
142143,Green Tree Borough
142143,Mount Lebanon
142143,Pittsburgh
142143,Scott Township
142144,Dormont Borough
142144,Mount Lebanon
142145,Mount Lebanon
142146,Mount Lebanon
142147,Mount Lebanon
142148,Bethel Park Municipality
142148,Mount Lebanon
142148,Upper St. Clair Municipality
142149,Bethel Park Municipality
142150,Bethel Park Municipality
142151,Bethel Park Municipality
142152,Bethel Park Municipality
142153,Bethel Park Municipality
142154,Bethel Park Municipality
142155,Bethel Park Municipality
142156,
143111,
143112,Pine Township
143113,Pine Township
143114,Pine Township
143115,Pine Township
143116,Pine Township
143117,Pine Township
143118,Pine Township
143119,McCandless Township
143119,Pine Township
143120,McCandless Township
143121,McCandless Township
143122,McCandless Township
143123,McCandless Township
143124,McCandless Township
143125,McCandless Township
143126,McCandless Township
143126,Ross Township
143127,Ross Township
143128,Ross Township
143129,Ross Township
143129,West View Borough
143130,Ross Township
143130,West View Borough
143131,Ross Township
143132,Ross Township
143133,Bellevue Borough
143133,Pittsburgh
143133,Ross Township
143134,Pittsburgh
143135,Pittsburgh
143136,Pittsburgh
143137,Pittsburgh
143138,Pittsburgh
143139,Pittsburgh
143140,Green Tree Borough
143140,Pittsburgh
143141,Green Tree Borough
143141,Pittsburgh
143142,Dormont Borough
143142,Pittsburgh
143143,Dormont Borough
143143,Pittsburgh
143144,Dormont Borough
143144,Mount Lebanon
143144,Pittsburgh
143145,Dormont Borough
143145,Mount Lebanon
143146,Castle Shannon Borough
143146,Mount Lebanon
143147,Castle Shannon Borough
143147,Mount Lebanon
143148,Bethel Park Municipality
143148,Castle Shannon Borough
143148,Mount Lebanon
143149,Bethel Park Municipality
143150,Bethel Park Municipality
143151,Bethel Park Municipality
143152,Bethel Park Municipality
143153,Bethel Park Municipality
143154,Bethel Park Municipality
143155,Bethel Park Municipality
143155,South Park Township
143156,South Park Township
143157,
144112,
144113,Pine Township
144114,Pine Township
144115,Pine Township
144116,Pine Township
144117,Pine Township
144118,Pine Township
144119,McCandless Township
144119,Pine Township
144120,McCandless Township
144121,McCandless Township
144122,McCandless Township
144123,McCandless Township
144124,McCandless Township
144125,McCandless Township
144126,McCandless Township
144126,Ross Township
144127,Ross Township
144128,Ross Township
144129,Ross Township
144129,West View Borough
144130,Ross Township
144130,West View Borough
144131,Ross Township
144131,West View Borough
144132,Pittsburgh
144132,Ross Township
144133,Pittsburgh
144133,Ross Township
144134,Pittsburgh
144135,Pittsburgh
144136,Pittsburgh
144137,Pittsburgh
144138,Pittsburgh
144139,Pittsburgh
144140,Pittsburgh
144141,Pittsburgh
144142,Pittsburgh
144143,Dormont Borough
144143,Pittsburgh
144144,Baldwin Township
144144,Dormont Borough
144144,Mount Lebanon
144144,Pittsburgh
144145,Baldwin Township
144145,Mount Lebanon
144146,Baldwin Township
144146,Castle Shannon Borough
144146,Mount Lebanon
144147,Bethel Park Municipality
144147,Castle Shannon Borough
144147,Mount Lebanon
144148,Bethel Park Municipality
144148,Castle Shannon Borough
144148,Whitehall Borough
144149,Bethel Park Municipality
144150,Bethel Park Municipality
144151,Bethel Park Municipality
144152,Bethel Park Municipality
144153,Bethel Park Municipality
144153,South Park Township
144154,Bethel Park Municipality
144154,South Park Township
144155,Bethel Park Municipality
144155,South Park Township
144156,South Park Township
144157,
145112,
145113,Pine Township
145114,Pine Township
145115,Pine Township
145116,Pine Township
145117,Pine Township
145118,Pine Township
145119,McCandless Township
145119,Pine Township
145120,McCandless Township
145121,McCandless Township
145122,McCandless Township
145123,McCandless Township
145124,McCandless Township
145125,McCandless Township
145126,McCandless Township
145126,Ross Township
145127,Ross Township
145128,Ross Township
145129,Ross Township
145130,Ross Township
145130,West View Borough
145131,Ross Township
145131,West View Borough
145132,Pittsburgh
145132,Ross Township
145133,Pittsburgh
145133,Ross Township
145134,Pittsburgh
145135,Pittsburgh
145136,Pittsburgh
145137,Pittsburgh
145138,Pittsburgh
145139,Pittsburgh
145140,Pittsburgh
145141,Pittsburgh
145142,Pittsburgh
145143,Pittsburgh
145144,Baldwin Township
145144,Pittsburgh
145145,Baldwin Township
145145,Castle Shannon Borough
145145,Pittsburgh
145146,Baldwin Township
145146,Castle Shannon Borough
145146,Pittsburgh
145147,Castle Shannon Borough
145147,Whitehall Borough
145148,Baldwin Borough
145148,Bethel Park Municipality
145148,Castle Shannon Borough
145148,Whitehall Borough
145149,Baldwin Borough
145149,Bethel Park Municipality
145150,Bethel Park Municipality
145151,Bethel Park Municipality
145151,South Park Township
145152,Bethel Park Municipality
145152,South Park Township
145153,Bethel Park Municipality
145153,South Park Township
145154,South Park Township
145155,South Park Township
145156,South Park Township
145157,South Park Township
145158,
146112,
146113,Pine Township
146114,Pine Township
146115,Pine Township
146116,Pine Township
146117,Pine Township
146118,Pine Township
146119,McCandless Township
146119,Pine Township
146120,McCandless Township
146121,McCandless Township
146122,McCandless Township
146123,McCandless Township
146124,McCandless Township
146125,McCandless Township
146126,McCandless Township
146126,Ross Township
146127,Ross Township
146128,Ross Township
146129,Ross Township
146130,Ross Township
146131,Ross Township
146132,Pittsburgh
146132,Reserve Township
146132,Ross Township
146133,Pittsburgh
146133,Reserve Township
146134,Pittsburgh
146134,Reserve Township
146135,Pittsburgh
146135,Reserve Township
146136,Pittsburgh
146137,Pittsburgh
146138,Pittsburgh
146139,Pittsburgh
146140,Pittsburgh
146141,Pittsburgh
146142,Pittsburgh
146143,Pittsburgh
146144,Pittsburgh
146145,Baldwin Township
146145,Pittsburgh
146146,Baldwin Township
146146,Castle Shannon Borough
146146,Pittsburgh
146146,Whitehall Borough
146147,Castle Shannon Borough
146147,Whitehall Borough
146148,Baldwin Borough
146148,Whitehall Borough
146149,Baldwin Borough
146149,Bethel Park Municipality
146149,Whitehall Borough
146150,Baldwin Borough
146150,Bethel Park Municipality
146150,South Park Township
146151,Bethel Park Municipality
146151,South Park Township
146152,South Park Township
146153,South Park Township
146154,South Park Township
146155,South Park Township
146156,South Park Township
146157,South Park Township
146158,
147112,
147113,Pine Township
147113,Richland Township
147114,Pine Township
147114,Richland Township
147115,Pine Township
147115,Richland Township
147116,Pine Township
147116,Richland Township
147117,Pine Township
147117,Richland Township
147118,Pine Township
147118,Richland Township
147119,Hampton Township
147119,McCandless Township
147119,Pine Township
147119,Richland Township
147120,Hampton Township
147120,McCandless Township
147121,Hampton Township
147121,McCandless Township
147122,Hampton Township
147122,McCandless Township
147123,Hampton Township
147123,McCandless Township
147124,Hampton Township
147124,McCandless Township
147125,Hampton Township
147125,McCandless Township
147126,Hampton Township
147126,McCandless Township
147126,Ross Township
147126,Shaler Township
147127,Ross Township
147127,Shaler Township
147128,Ross Township
147128,Shaler Township
147129,Ross Township
147129,Shaler Township
147130,Ross Township
147130,Shaler Township
147131,Ross Township
147131,Shaler Township
147132,Reserve Township
147132,Ross Township
147132,Shaler Township
147133,Reserve Township
147133,Ross Township
147134,Pittsburgh
147134,Reserve Township
147135,Pittsburgh
147135,Reserve Township
147136,Pittsburgh
147137,Pittsburgh
147138,Pittsburgh
147139,Pittsburgh
147140,Pittsburgh
147141,Mount Oliver Borough
147141,Pittsburgh
147142,Mount Oliver Borough
147142,Pittsburgh
147143,Pittsburgh
147144,Pittsburgh
147145,Brentwood Borough
147145,Pittsburgh
147145,Whitehall Borough
147146,Brentwood Borough
147146,Pittsburgh
147146,Whitehall Borough
147147,Brentwood Borough
147147,Whitehall Borough
147148,Whitehall Borough
147149,Baldwin Borough
147149,Whitehall Borough
147150,Baldwin Borough
147150,Pleasant Hills Borough
147150,South Park Township
147151,Baldwin Borough
147151,Jefferson Hills Borough
147151,Pleasant Hills Borough
147151,South Park Township
147152,Jefferson Hills Borough
147152,South Park Township
147153,South Park Township
147154,South Park Township
147155,South Park Township
147156,South Park Township
147157,South Park Township
147158,
147161,
147162,
147163,
148112,
148113,Richland Township
148114,Richland Township
148115,Richland Township
148116,Richland Township
148117,Richland Township
148118,Richland Township
148119,Hampton Township
148119,Richland Township
148120,Hampton Township
148121,Hampton Township
148122,Hampton Township
148123,Hampton Township
148124,Hampton Township
148125,Hampton Township
148126,Hampton Township
148126,Shaler Township
148127,Shaler Township
148128,Shaler Township
148129,Shaler Township
148130,Shaler Township
148131,Shaler Township
148132,Millvale Borough
148132,Reserve Township
148132,Ross Township
148132,Shaler Township
148133,Millvale Borough
148133,Reserve Township
148133,Shaler Township
148134,Millvale Borough
148134,Reserve Township
148135,Millvale Borough
148135,Pittsburgh
148135,Reserve Township
148136,Pittsburgh
148136,Reserve Township
148137,Pittsburgh
148138,Pittsburgh
148139,Pittsburgh
148140,Pittsburgh
148141,Mount Oliver Borough
148141,Pittsburgh
148142,Mount Oliver Borough
148142,Pittsburgh
148143,Baldwin Borough
148143,Pittsburgh
148144,Baldwin Borough
148144,Pittsburgh
148145,Baldwin Borough
148145,Brentwood Borough
148145,Pittsburgh
148146,Brentwood Borough
148147,Brentwood Borough
148147,Whitehall Borough
148148,Baldwin Borough
148148,Whitehall Borough
148149,Baldwin Borough
148149,Whitehall Borough
148150,Baldwin Borough
148150,Pleasant Hills Borough
148151,Jefferson Hills Borough
148151,Pleasant Hills Borough
148152,Jefferson Hills Borough
148152,Pleasant Hills Borough
148152,South Park Township
148153,Jefferson Hills Borough
148153,South Park Township
148154,Jefferson Hills Borough
148154,South Park Township
148155,Jefferson Hills Borough
148155,South Park Township
148156,South Park Township
148157,South Park Township
148158,Jefferson Hills Borough
148158,South Park Township
148159,
148160,
148161,Forward Township
148162,Forward Township
148163,Forward Township
148164,
149112,
149113,Richland Township
149114,Richland Township
149115,Richland Township
149116,Richland Township
149117,Richland Township
149118,Richland Township
149119,Hampton Township
149119,Richland Township
149120,Hampton Township
149121,Hampton Township
149122,Hampton Township
149123,Hampton Township
149124,Hampton Township
149125,Hampton Township
149126,Hampton Township
149126,Shaler Township
149127,Shaler Township
149128,Shaler Township
149129,Shaler Township
149130,Shaler Township
149131,Shaler Township
149132,Millvale Borough
149132,Shaler Township
149133,Millvale Borough
149133,Shaler Township
149134,Millvale Borough
149134,Pittsburgh
149134,Shaler Township
149135,Millvale Borough
149135,Pittsburgh
149135,Reserve Township
149136,Pittsburgh
149137,Pittsburgh
149138,Pittsburgh
149139,Pittsburgh
149140,Pittsburgh
149141,Pittsburgh
149142,Baldwin Borough
149142,Pittsburgh
149143,Baldwin Borough
149143,Pittsburgh
149144,Baldwin Borough
149144,Pittsburgh
149145,Baldwin Borough
149145,Brentwood Borough
149146,Baldwin Borough
149146,Brentwood Borough
149146,Whitehall Borough
149147,Baldwin Borough
149147,Brentwood Borough
149147,Whitehall Borough
149148,Baldwin Borough
149148,West Mifflin Borough
149148,Whitehall Borough
149149,Baldwin Borough
149149,Pleasant Hills Borough
149149,West Mifflin Borough
149150,Baldwin Borough
149150,Pleasant Hills Borough
149150,West Mifflin Borough
149151,Pleasant Hills Borough
149152,Jefferson Hills Borough
149152,Pleasant Hills Borough
149153,Jefferson Hills Borough
149154,Jefferson Hills Borough
149155,Jefferson Hills Borough
149155,South Park Township
149156,Jefferson Hills Borough
149156,South Park Township
149157,Jefferson Hills Borough
149157,South Park Township
149158,Jefferson Hills Borough
149158,South Park Township
149159,
149160,
149161,Forward Township
149162,Forward Township
149163,Forward Township
149164,Forward Township
149165,
150112,
150113,Richland Township
150114,Richland Township
150115,Richland Township
150116,Richland Township
150117,Richland Township
150118,Richland Township
150119,Hampton Township
150119,Richland Township
150120,Hampton Township
150121,Hampton Township
150122,Hampton Township
150123,Hampton Township
150124,Hampton Township
150125,Hampton Township
150126,Hampton Township
150126,Shaler Township
150127,Shaler Township
150128,Shaler Township
150129,Shaler Township
150130,Shaler Township
150131,Etna Borough
150131,Shaler Township
150132,Etna Borough
150132,Shaler Township
150133,Etna Borough
150133,Pittsburgh
150133,Shaler Township
150134,Pittsburgh
150134,Shaler Township
150135,Pittsburgh
150136,Pittsburgh
150137,Pittsburgh
150138,Pittsburgh
150139,Pittsburgh
150140,Pittsburgh
150141,Pittsburgh
150142,Baldwin Borough
150142,Pittsburgh
150143,Baldwin Borough
150143,Pittsburgh
150144,Baldwin Borough
150144,Pittsburgh
150145,Baldwin Borough
150146,Baldwin Borough
150147,Baldwin Borough
150147,West Mifflin Borough
150148,Baldwin Borough
150148,West Mifflin Borough
150149,West Mifflin Borough
150150,Pleasant Hills Borough
150150,West Mifflin Borough
150151,Pleasant Hills Borough
150152,Jefferson Hills Borough
150152,Pleasant Hills Borough
150153,Jefferson Hills Borough
150154,Jefferson Hills Borough
150155,Jefferson Hills Borough
150156,Jefferson Hills Borough
150157,Jefferson Hills Borough
150158,Jefferson Hills Borough
150159,Jefferson Hills Borough
150160,
150161,Forward Township
150162,Forward Township
150163,Forward Township
150164,Forward Township
150165,
151112,
151113,Richland Township
151114,Richland Township
151115,Richland Township
151116,Richland Township
151117,Richland Township
151118,Richland Township
151119,Hampton Township
151119,Richland Township
151120,Hampton Township
151121,Hampton Township
151122,Hampton Township
151123,Hampton Township
151124,Hampton Township
151125,Hampton Township
151126,Hampton Township
151126,Shaler Township
151127,Shaler Township
151128,Shaler Township
151129,Shaler Township
151130,Shaler Township
151131,Etna Borough
151131,Shaler Township
151132,Etna Borough
151132,Shaler Township
151132,Sharpsburg Borough
151133,Etna Borough
151133,Pittsburgh
151133,Sharpsburg Borough
151134,Pittsburgh
151135,Pittsburgh
151136,Pittsburgh
151137,Pittsburgh
151138,Pittsburgh
151139,Pittsburgh
151140,Pittsburgh
151141,Pittsburgh
151142,Pittsburgh
151143,Baldwin Borough
151143,Pittsburgh
151144,Baldwin Borough
151144,Pittsburgh
151145,Baldwin Borough
151145,Pittsburgh
151146,Baldwin Borough
151146,Pittsburgh
151146,West Mifflin Borough
151147,Baldwin Borough
151147,West Mifflin Borough
151148,West Mifflin Borough
151149,West Mifflin Borough
151150,Pleasant Hills Borough
151150,West Mifflin Borough
151151,Jefferson Hills Borough
151151,Pleasant Hills Borough
151151,West Mifflin Borough
151152,Jefferson Hills Borough
151152,Pleasant Hills Borough
151153,Jefferson Hills Borough
151154,Jefferson Hills Borough
151155,Jefferson Hills Borough
151156,Jefferson Hills Borough
151157,Jefferson Hills Borough
151158,Jefferson Hills Borough
151159,Jefferson Hills Borough
151160,
151161,Forward Township
151162,Forward Township
151163,Forward Township
151164,Forward Township
151165,Forward Township
151166,
152112,
152113,Richland Township
152114,Richland Township
152115,Richland Township
152116,Richland Township
152117,Richland Township
152118,Richland Township
152119,Hampton Township
152119,Richland Township
152120,Hampton Township
152121,Hampton Township
152122,Hampton Township
152123,Hampton Township
152124,Hampton Township
152125,Hampton Township
152126,Hampton Township
152126,Indiana Township
152126,Shaler Township
152127,Indiana Township
152127,Shaler Township
152128,Indiana Township
152128,O Hara Township
152128,Shaler Township
152129,O Hara Township
152129,Shaler Township
152130,O Hara Township
152130,Shaler Township
152131,O Hara Township
152131,Shaler Township
152132,O Hara Township
152132,Shaler Township
152132,Sharpsburg Borough
152133,Etna Borough
152133,Pittsburgh
152133,Sharpsburg Borough
152134,Pittsburgh
152135,Pittsburgh
152136,Pittsburgh
152137,Pittsburgh
152138,Pittsburgh
152139,Pittsburgh
152140,Pittsburgh
152141,Pittsburgh
152142,Pittsburgh
152143,Pittsburgh
152143,West Homestead Borough
152144,Pittsburgh
152144,West Homestead Borough
152145,Pittsburgh
152146,Pittsburgh
152146,West Mifflin Borough
152147,West Mifflin Borough
152148,West Mifflin Borough
152149,West Mifflin Borough
152150,West Mifflin Borough
152151,Jefferson Hills Borough
152151,West Mifflin Borough
152152,Jefferson Hills Borough
152152,West Mifflin Borough
152153,Jefferson Hills Borough
152154,Jefferson Hills Borough
152155,Jefferson Hills Borough
152156,Jefferson Hills Borough
152157,Jefferson Hills Borough
152158,Jefferson Hills Borough
152159,Jefferson Hills Borough
152160,Forward Township
152161,Forward Township
152162,Forward Township
152163,Forward Township
152164,Forward Township
152165,Forward Township
152166,
152167,
153112,
153113,Richland Township
153113,West Deer Township
153114,Richland Township
153114,West Deer Township
153115,Richland Township
153115,West Deer Township
153116,Richland Township
153116,West Deer Township
153117,Richland Township
153117,West Deer Township
153118,Richland Township
153118,West Deer Township
153119,Hampton Township
153119,Richland Township
153119,West Deer Township
153120,Hampton Township
153120,West Deer Township
153121,Hampton Township
153121,West Deer Township
153122,Hampton Township
153123,Hampton Township
153124,Hampton Township
153125,Hampton Township
153126,Hampton Township
153126,Indiana Township
153127,Indiana Township
153128,Indiana Township
153128,O Hara Township
153129,O Hara Township
153130,O Hara Township
153131,O Hara Township
153132,O Hara Township
153132,Sharpsburg Borough
153133,O Hara Township
153133,Pittsburgh
153133,Sharpsburg Borough
153134,Pittsburgh
153135,Pittsburgh
153136,Pittsburgh
153137,Pittsburgh
153138,Pittsburgh
153139,Pittsburgh
153140,Pittsburgh
153141,Pittsburgh
153142,Homestead Borough
153142,Pittsburgh
153142,West Homestead Borough
153143,Homestead Borough
153143,Pittsburgh
153143,West Homestead Borough
153144,Munhall Borough
153144,Pittsburgh
153144,West Homestead Borough
153145,Munhall Borough
153145,Pittsburgh
153145,West Homestead Borough
153146,Pittsburgh
153146,West Mifflin Borough
153147,Pittsburgh
153147,West Mifflin Borough
153148,West Mifflin Borough
153149,West Mifflin Borough
153150,West Mifflin Borough
153151,West Mifflin Borough
153152,Jefferson Hills Borough
153152,West Mifflin Borough
153153,Jefferson Hills Borough
153154,Jefferson Hills Borough
153155,Jefferson Hills Borough
153156,Jefferson Hills Borough
153157,Jefferson Hills Borough
153158,Jefferson Hills Borough
153159,Forward Township
153159,Jefferson Hills Borough
153160,Forward Township
153160,Jefferson Hills Borough
153161,Forward Township
153162,Forward Township
153163,Forward Township
153164,Forward Township
153165,Forward Township
153166,Forward Township
153167,
154112,
154113,West Deer Township
154114,West Deer Township
154115,West Deer Township
154116,West Deer Township
154117,West Deer Township
154118,West Deer Township
154119,West Deer Township
154120,West Deer Township
154121,Hampton Township
154121,Indiana Township
154121,West Deer Township
154122,Hampton Township
154122,Indiana Township
154123,Hampton Township
154123,Indiana Township
154124,Hampton Township
154124,Indiana Township
154125,Hampton Township
154125,Indiana Township
154126,Hampton Township
154126,Indiana Township
154127,Fox Chapel Borough
154127,Indiana Township
154128,Fox Chapel Borough
154128,Indiana Township
154128,O Hara Township
154129,Fox Chapel Borough
154129,O Hara Township
154130,Fox Chapel Borough
154130,O Hara Township
154131,Fox Chapel Borough
154131,O Hara Township
154132,Aspinwall Borough
154132,Fox Chapel Borough
154132,O Hara Township
154133,Aspinwall Borough
154133,O Hara Township
154133,Pittsburgh
154133,Sharpsburg Borough
154134,Aspinwall Borough
154134,O Hara Township
154134,Pittsburgh
154135,Pittsburgh
154136,Pittsburgh
154137,Pittsburgh
154138,Pittsburgh
154139,Pittsburgh
154140,Pittsburgh
154141,Homestead Borough
154141,Munhall Borough
154141,Pittsburgh
154142,Homestead Borough
154142,Munhall Borough
154142,Pittsburgh
154143,Homestead Borough
154143,Munhall Borough
154143,West Homestead Borough
154144,Munhall Borough
154144,West Homestead Borough
154145,Munhall Borough
154145,Pittsburgh
154145,West Homestead Borough
154146,Munhall Borough
154146,Pittsburgh
154146,West Mifflin Borough
154147,Pittsburgh
154147,West Mifflin Borough
154148,Dravosburg Borough
154148,West Mifflin Borough
154149,Dravosburg Borough
154149,West Mifflin Borough
154150,West Mifflin Borough
154151,West Mifflin Borough
154152,Clairton
154152,Jefferson Hills Borough
154152,West Mifflin Borough
154153,Clairton
154153,Jefferson Hills Borough
154154,Clairton
154154,Jefferson Hills Borough
154155,Clairton
154155,Jefferson Hills Borough
154156,Clairton
154156,Jefferson Hills Borough
154157,Jefferson Hills Borough
154157,West Elizabeth Borough
154158,Forward Township
154158,Jefferson Hills Borough
154158,West Elizabeth Borough
154159,Forward Township
154159,Jefferson Hills Borough
154160,Forward Township
154161,Forward Township
154162,Forward Township
154163,Forward Township
154164,Forward Township
154165,Forward Township
154166,Forward Township
154167,
155112,
155113,West Deer Township
155114,West Deer Township
155115,West Deer Township
155116,West Deer Township
155117,West Deer Township
155118,West Deer Township
155119,West Deer Township
155120,West Deer Township
155121,Indiana Township
155121,West Deer Township
155122,Indiana Township
155123,Indiana Township
155124,Indiana Township
155125,Indiana Township
155126,Indiana Township
155127,Fox Chapel Borough
155127,Indiana Township
155128,Fox Chapel Borough
155128,Indiana Township
155129,Fox Chapel Borough
155130,Fox Chapel Borough
155131,Fox Chapel Borough
155132,Aspinwall Borough
155132,Fox Chapel Borough
155132,O Hara Township
155133,Aspinwall Borough
155133,Fox Chapel Borough
155133,O Hara Township
155133,Pittsburgh
155134,Aspinwall Borough
155134,Pittsburgh
155135,Pittsburgh
155136,Pittsburgh
155137,Pittsburgh
155138,Pittsburgh
155138,Wilkinsburg Borough
155139,Edgewood Borough
155139,Pittsburgh
155139,Swissvale Borough
155139,Wilkinsburg Borough
155140,Edgewood Borough
155140,Pittsburgh
155140,Swissvale Borough
155140,Wilkinsburg Borough
155141,Munhall Borough
155141,Pittsburgh
155141,Swissvale Borough
155142,Munhall Borough
155142,Pittsburgh
155142,Rankin Borough
155142,Swissvale Borough
155143,Homestead Borough
155143,Munhall Borough
155143,Whitaker Borough
155144,Munhall Borough
155144,West Mifflin Borough
155144,Whitaker Borough
155145,Munhall Borough
155145,West Mifflin Borough
155146,Munhall Borough
155146,West Mifflin Borough
155147,West Mifflin Borough
155148,Dravosburg Borough
155148,West Mifflin Borough
155149,Dravosburg Borough
155149,West Mifflin Borough
155150,Dravosburg Borough
155150,Glassport Borough
155150,West Mifflin Borough
155151,Glassport Borough
155151,West Mifflin Borough
155152,Clairton
155152,Glassport Borough
155152,West Mifflin Borough
155153,Clairton
155153,Glassport Borough
155153,Jefferson Hills Borough
155154,Clairton
155154,Jefferson Hills Borough
155155,Clairton
155155,Jefferson Hills Borough
155156,Clairton
155156,Jefferson Hills Borough
155157,Elizabeth Borough
155157,Jefferson Hills Borough
155157,West Elizabeth Borough
155158,Elizabeth Borough
155158,Forward Township
155158,West Elizabeth Borough
155159,Forward Township
155160,Forward Township
155161,Forward Township
155162,Forward Township
155163,Forward Township
155164,Forward Township
155165,Forward Township
155166,Forward Township
155167,
156112,
156113,West Deer Township
156114,West Deer Township
156115,West Deer Township
156116,West Deer Township
156117,West Deer Township
156118,West Deer Township
156119,West Deer Township
156120,West Deer Township
156121,Indiana Township
156121,West Deer Township
156122,Indiana Township
156123,Indiana Township
156124,Indiana Township
156125,Indiana Township
156126,Fox Chapel Borough
156126,Indiana Township
156127,Fox Chapel Borough
156127,Indiana Township
156128,Fox Chapel Borough
156129,Fox Chapel Borough
156130,Fox Chapel Borough
156131,Fox Chapel Borough
156132,Fox Chapel Borough
156132,O Hara Township
156133,Fox Chapel Borough
156133,O Hara Township
156133,Pittsburgh
156134,O Hara Township
156134,Penn Hills Municipality
156134,Pittsburgh
156135,Penn Hills Municipality
156135,Pittsburgh
156136,Penn Hills Municipality
156136,Pittsburgh
156137,Penn Hills Municipality
156137,Pittsburgh
156138,Pittsburgh
156138,Wilkinsburg Borough
156139,Edgewood Borough
156139,Wilkinsburg Borough
156140,Edgewood Borough
156140,Swissvale Borough
156140,Wilkinsburg Borough
156141,Edgewood Borough
156141,Rankin Borough
156141,Swissvale Borough
156142,Munhall Borough
156142,Rankin Borough
156142,Swissvale Borough
156142,Whitaker Borough
156143,Braddock Borough
156143,Munhall Borough
156143,Rankin Borough
156143,West Mifflin Borough
156143,Whitaker Borough
156144,West Mifflin Borough
156144,Whitaker Borough
156145,West Mifflin Borough
156146,West Mifflin Borough
156147,West Mifflin Borough
156148,Dravosburg Borough
156148,McKeesport
156148,West Mifflin Borough
156149,Dravosburg Borough
156149,Glassport Borough
156149,McKeesport
156149,Port Vue Borough
156150,Dravosburg Borough
156150,Glassport Borough
156150,McKeesport
156150,Port Vue Borough
156151,Glassport Borough
156151,Liberty Borough
156151,Port Vue Borough
156152,Glassport Borough
156152,Liberty Borough
156152,Lincoln Borough
156153,Clairton
156153,Glassport Borough
156153,Lincoln Borough
156154,Clairton
156154,Jefferson Hills Borough
156154,Lincoln Borough
156155,Clairton
156155,Jefferson Hills Borough
156156,Clairton
156156,Elizabeth Township
156156,Jefferson Hills Borough
156156,Lincoln Borough
156157,Elizabeth Borough
156157,Elizabeth Township
156157,Jefferson Hills Borough
156157,Lincoln Borough
156158,Elizabeth Borough
156158,Elizabeth Township
156158,Forward Township
156159,Elizabeth Township
156159,Forward Township
156160,Elizabeth Township
156160,Forward Township
156161,Elizabeth Township
156161,Forward Township
156162,Forward Township
156163,Forward Township
156164,Forward Township
156165,Forward Township
156166,Forward Township
156167,
157112,
157113,West Deer Township
157114,West Deer Township
157115,West Deer Township
157116,West Deer Township
157117,West Deer Township
157118,West Deer Township
157119,West Deer Township
157120,West Deer Township
157121,Indiana Township
157121,West Deer Township
157122,Indiana Township
157123,Indiana Township
157124,Indiana Township
157125,Indiana Township
157126,Fox Chapel Borough
157126,Indiana Township
157127,Fox Chapel Borough
157127,Indiana Township
157128,Fox Chapel Borough
157129,Fox Chapel Borough
157129,O Hara Township
157130,Fox Chapel Borough
157130,O Hara Township
157131,Fox Chapel Borough
157131,O Hara Township
157132,Fox Chapel Borough
157132,O Hara Township
157133,O Hara Township
157134,O Hara Township
157134,Penn Hills Municipality
157135,Penn Hills Municipality
157136,Penn Hills Municipality
157136,Pittsburgh
157137,Penn Hills Municipality
157137,Pittsburgh
157137,Wilkinsburg Borough
157138,Pittsburgh
157138,Wilkinsburg Borough
157139,Edgewood Borough
157139,Wilkinsburg Borough
157140,Braddock Hills Borough
157140,Edgewood Borough
157140,Forest Hills Borough
157140,Swissvale Borough
157140,Wilkinsburg Borough
157141,Braddock Hills Borough
157141,Forest Hills Borough
157141,Swissvale Borough
157142,Braddock Borough
157142,Braddock Hills Borough
157142,North Braddock Borough
157142,Rankin Borough
157142,Swissvale Borough
157143,Braddock Borough
157143,North Braddock Borough
157143,Rankin Borough
157143,West Mifflin Borough
157143,Whitaker Borough
157144,Braddock Borough
157144,West Mifflin Borough
157145,Duquesne
157145,West Mifflin Borough
157146,Duquesne
157146,West Mifflin Borough
157147,West Mifflin Borough
157148,McKeesport
157148,West Mifflin Borough
157149,McKeesport
157149,Port Vue Borough
157150,McKeesport
157150,Port Vue Borough
157151,Glassport Borough
157151,Liberty Borough
157151,Port Vue Borough
157152,Glassport Borough
157152,Liberty Borough
157152,Lincoln Borough
157153,Liberty Borough
157153,Lincoln Borough
157154,Clairton
157154,Lincoln Borough
157155,Clairton
157155,Lincoln Borough
157156,Clairton
157156,Lincoln Borough
157157,Elizabeth Township
157157,Lincoln Borough
157158,Elizabeth Township
157159,Elizabeth Township
157160,Elizabeth Township
157161,Elizabeth Township
157161,Forward Township
157162,Forward Township
157163,Forward Township
157164,Forward Township
157165,Forward Township
157166,Forward Township
157167,
158112,
158113,West Deer Township
158114,West Deer Township
158115,West Deer Township
158116,West Deer Township
158117,West Deer Township
158118,West Deer Township
158119,West Deer Township
158120,West Deer Township
158121,Indiana Township
158121,West Deer Township
158122,Indiana Township
158123,Indiana Township
158124,Indiana Township
158125,Harmar Township
158125,Indiana Township
158126,Harmar Township
158126,Indiana Township
158127,Fox Chapel Borough
158127,Harmar Township
158127,Indiana Township
158128,Fox Chapel Borough
158128,Harmar Township
158129,Fox Chapel Borough
158129,O Hara Township
158130,Fox Chapel Borough
158130,O Hara Township
158131,O Hara Township
158132,Blawnox Borough
158132,O Hara Township
158133,Blawnox Borough
158133,O Hara Township
158133,Penn Hills Municipality
158134,Blawnox Borough
158134,O Hara Township
158134,Penn Hills Municipality
158135,Penn Hills Municipality
158136,Penn Hills Municipality
158137,Penn Hills Municipality
158137,Pittsburgh
158137,Wilkinsburg Borough
158138,Churchill Borough
158138,Pittsburgh
158138,Wilkinsburg Borough
158139,Churchill Borough
158139,Forest Hills Borough
158139,Wilkinsburg Borough
158140,Churchill Borough
158140,Forest Hills Borough
158140,Wilkinsburg Borough
158141,Braddock Hills Borough
158141,Forest Hills Borough
158142,Braddock Hills Borough
158142,North Braddock Borough
158143,Braddock Borough
158143,North Braddock Borough
158144,Braddock Borough
158144,North Braddock Borough
158144,North Versailles Township
158144,West Mifflin Borough
158145,Duquesne
158145,North Braddock Borough
158145,North Versailles Township
158145,West Mifflin Borough
158146,Duquesne
158146,West Mifflin Borough
158147,Duquesne
158147,West Mifflin Borough
158148,Duquesne
158148,McKeesport
158148,West Mifflin Borough
158149,McKeesport
158150,Liberty Borough
158150,McKeesport
158150,Port Vue Borough
158151,Liberty Borough
158151,McKeesport
158151,Port Vue Borough
158152,Liberty Borough
158152,Lincoln Borough
158153,Liberty Borough
158153,Lincoln Borough
158154,Lincoln Borough
158155,Lincoln Borough
158156,Lincoln Borough
158157,Elizabeth Township
158157,Lincoln Borough
158158,Elizabeth Township
158159,Elizabeth Township
158160,Elizabeth Township
158161,Elizabeth Township
158161,Forward Township
158162,Elizabeth Township
158162,Forward Township
158163,Elizabeth Township
158163,Forward Township
158164,Forward Township
158165,Forward Township
158166,
159112,
159113,West Deer Township
159114,West Deer Township
159115,West Deer Township
159116,West Deer Township
159117,West Deer Township
159118,West Deer Township
159119,West Deer Township
159120,West Deer Township
159121,Indiana Township
159121,West Deer Township
159122,Indiana Township
159123,Indiana Township
159124,Indiana Township
159125,Harmar Township
159125,Indiana Township
159126,Harmar Township
159127,Harmar Township
159128,Fox Chapel Borough
159128,Harmar Township
159129,Fox Chapel Borough
159129,Harmar Township
159129,O Hara Township
159129,Oakmont Borough
159130,Harmar Township
159130,O Hara Township
159130,Oakmont Borough
159131,O Hara Township
159131,Oakmont Borough
159131,Verona Borough
159132,Blawnox Borough
159132,O Hara Township
159132,Verona Borough
159133,Blawnox Borough
159133,O Hara Township
159133,Penn Hills Municipality
159133,Verona Borough
159134,Penn Hills Municipality
159135,Penn Hills Municipality
159136,Penn Hills Municipality
159137,Churchill Borough
159137,Penn Hills Municipality
159137,Wilkinsburg Borough
159138,Churchill Borough
159138,Penn Hills Municipality
159138,Wilkinsburg Borough
159139,Churchill Borough
159139,Forest Hills Borough
159140,Churchill Borough
159140,Forest Hills Borough
159140,Wilkins Township
159141,Braddock Hills Borough
159141,Forest Hills Borough
159141,Wilkins Township
159142,Braddock Hills Borough
159142,Chalfant Borough
159142,Forest Hills Borough
159142,North Braddock Borough
159143,East Pittsburgh Borough
159143,North Braddock Borough
159144,East Pittsburgh Borough
159144,North Braddock Borough
159144,North Versailles Township
159145,Duquesne
159145,North Braddock Borough
159145,North Versailles Township
159146,Duquesne
159146,North Versailles Township
159147,Duquesne
159148,Duquesne
159148,McKeesport
159148,West Mifflin Borough
159149,McKeesport
159150,McKeesport
159151,Liberty Borough
159151,McKeesport
159152,Liberty Borough
159152,Lincoln Borough
159152,McKeesport
159152,Versailles Borough
159153,Liberty Borough
159153,Lincoln Borough
159153,Versailles Borough
159154,Elizabeth Township
159154,Lincoln Borough
159155,Lincoln Borough
159156,Elizabeth Township
159156,Lincoln Borough
159157,Elizabeth Township
159157,Lincoln Borough
159158,Elizabeth Township
159159,Elizabeth Township
159160,Elizabeth Township
159161,Elizabeth Township
159162,Elizabeth Township
159163,Elizabeth Township
159163,Forward Township
159164,Elizabeth Township
159164,Forward Township
159165,Elizabeth Township
159165,Forward Township
159166,
160112,
160113,West Deer Township
160114,West Deer Township
160115,West Deer Township
160116,West Deer Township
160117,West Deer Township
160118,West Deer Township
160119,West Deer Township
160120,West Deer Township
160121,Indiana Township
160121,West Deer Township
160122,Indiana Township
160123,Indiana Township
160124,Indiana Township
160125,Harmar Township
160125,Indiana Township
160126,Harmar Township
160127,Harmar Township
160128,Harmar Township
160129,Harmar Township
160129,Oakmont Borough
160129,Plum Borough
160130,Oakmont Borough
160131,Oakmont Borough
160131,Penn Hills Municipality
160131,Verona Borough
160132,Penn Hills Municipality
160132,Verona Borough
160133,Penn Hills Municipality
160133,Verona Borough
160134,Penn Hills Municipality
160135,Penn Hills Municipality
160136,Penn Hills Municipality
160137,Penn Hills Municipality
160138,Churchill Borough
160138,Penn Hills Municipality
160139,Churchill Borough
160140,Churchill Borough
160140,Wilkins Township
160141,Churchill Borough
160141,Forest Hills Borough
160141,Wilkins Township
160142,Chalfant Borough
160142,Forest Hills Borough
160142,North Braddock Borough
160142,Turtle Creek Borough
160142,Wilkins Township
160143,Chalfant Borough
160143,East Pittsburgh Borough
160143,North Braddock Borough
160143,North Versailles Township
160143,Turtle Creek Borough
160143,Wilkins Township
160144,East Pittsburgh Borough
160144,North Versailles Township
160145,North Versailles Township
160146,Duquesne
160146,North Versailles Township
160147,Duquesne
160147,McKeesport
160147,North Versailles Township
160148,Duquesne
160148,McKeesport
160148,North Versailles Township
160148,White Oak Borough
160149,McKeesport
160149,White Oak Borough
160150,McKeesport
160150,White Oak Borough
160151,McKeesport
160152,McKeesport
160152,Versailles Borough
160153,Elizabeth Township
160153,Lincoln Borough
160153,Versailles Borough
160154,Elizabeth Township
160154,Lincoln Borough
160155,Elizabeth Township
160155,Lincoln Borough
160156,Elizabeth Township
160156,Lincoln Borough
160157,Elizabeth Township
160158,Elizabeth Township
160159,Elizabeth Township
160160,Elizabeth Township
160161,Elizabeth Township
160162,Elizabeth Township
160163,Elizabeth Township
160164,Elizabeth Township
160165,
160166,
161112,
161113,West Deer Township
161114,West Deer Township
161115,West Deer Township
161116,West Deer Township
161117,West Deer Township
161118,West Deer Township
161119,West Deer Township
161120,West Deer Township
161121,Indiana Township
161121,West Deer Township
161122,Indiana Township
161123,Indiana Township
161124,Indiana Township
161125,Harmar Township
161125,Indiana Township
161126,Harmar Township
161127,Harmar Township
161128,Harmar Township
161128,Plum Borough
161129,Harmar Township
161129,Oakmont Borough
161129,Plum Borough
161130,Oakmont Borough
161130,Plum Borough
161131,Oakmont Borough
161131,Penn Hills Municipality
161132,Penn Hills Municipality
161133,Penn Hills Municipality
161134,Penn Hills Municipality
161135,Penn Hills Municipality
161136,Penn Hills Municipality
161137,Penn Hills Municipality
161138,Churchill Borough
161138,Penn Hills Municipality
161138,Wilkins Township
161139,Churchill Borough
161139,Penn Hills Municipality
161139,Wilkins Township
161140,Churchill Borough
161140,Wilkins Township
161141,Churchill Borough
161141,Monroeville Municipality
161141,Wilkins Township
161142,Monroeville Municipality
161142,Turtle Creek Borough
161142,Wilkins Township
161143,North Versailles Township
161143,Turtle Creek Borough
161143,Wilmerding Borough
161144,North Versailles Township
161145,North Versailles Township
161146,North Versailles Township
161147,North Versailles Township
161148,McKeesport
161148,North Versailles Township
161148,White Oak Borough
161149,McKeesport
161149,White Oak Borough
161150,McKeesport
161150,White Oak Borough
161151,McKeesport
161151,White Oak Borough
161152,Elizabeth Township
161152,McKeesport
161152,Versailles Borough
161152,White Oak Borough
161153,Elizabeth Township
161153,Versailles Borough
161154,Elizabeth Township
161155,Elizabeth Township
161156,Elizabeth Township
161157,Elizabeth Township
161158,Elizabeth Township
161159,Elizabeth Township
161160,Elizabeth Township
161161,Elizabeth Township
161162,Elizabeth Township
161163,Elizabeth Township
161164,Elizabeth Township
161165,
162112,
162113,Fawn Township
162113,West Deer Township
162114,Fawn Township
162114,West Deer Township
162115,Fawn Township
162115,West Deer Township
162116,Fawn Township
162116,Frazer Township
162116,West Deer Township
162117,Frazer Township
162117,West Deer Township
162118,Frazer Township
162118,West Deer Township
162119,Frazer Township
162119,West Deer Township
162120,Frazer Township
162120,West Deer Township
162121,Frazer Township
162121,Indiana Township
162121,West Deer Township
162122,Frazer Township
162122,Indiana Township
162123,Frazer Township
162123,Indiana Township
162124,Frazer Township
162124,Indiana Township
162125,Frazer Township
162125,Harmar Township
162125,Indiana Township
162125,Springdale Township
162126,Harmar Township
162126,Springdale Township
162127,Harmar Township
162128,Harmar Township
162128,Plum Borough
162129,Oakmont Borough
162129,Plum Borough
162130,Oakmont Borough
162130,Penn Hills Municipality
162130,Plum Borough
162131,Oakmont Borough
162131,Penn Hills Municipality
162131,Plum Borough
162132,Penn Hills Municipality
162133,Penn Hills Municipality
162134,Penn Hills Municipality
162135,Penn Hills Municipality
162136,Penn Hills Municipality
162137,Penn Hills Municipality
162138,Penn Hills Municipality
162139,Penn Hills Municipality
162139,Wilkins Township
162140,Wilkins Township
162141,Monroeville Municipality
162141,Turtle Creek Borough
162141,Wilkins Township
162142,Monroeville Municipality
162142,Turtle Creek Borough
162143,Monroeville Municipality
162143,North Versailles Township
162143,Turtle Creek Borough
162143,Wilmerding Borough
162144,Monroeville Municipality
162144,North Versailles Township
162144,Wilmerding Borough
162145,East McKeesport Borough
162145,North Versailles Township
162145,Wilmerding Borough
162146,East McKeesport Borough
162146,North Versailles Township
162147,North Versailles Township
162148,North Versailles Township
162148,White Oak Borough
162149,White Oak Borough
162150,White Oak Borough
162151,White Oak Borough
162152,Elizabeth Township
162152,McKeesport
162152,White Oak Borough
162153,Elizabeth Township
162154,Elizabeth Township
162154,South Versailles Township
162155,Elizabeth Township
162155,South Versailles Township
162156,Elizabeth Township
162157,Elizabeth Township
162158,Elizabeth Township
162159,Elizabeth Township
162160,Elizabeth Township
162161,Elizabeth Township
162162,Elizabeth Township
162163,Elizabeth Township
162164,Elizabeth Township
162165,
163112,
163113,Fawn Township
163114,Fawn Township
163115,Fawn Township
163116,Fawn Township
163116,Frazer Township
163117,Frazer Township
163118,Frazer Township
163119,Frazer Township
163120,Frazer Township
163121,Frazer Township
163122,Frazer Township
163123,Frazer Township
163124,Frazer Township
163125,Frazer Township
163125,Springdale Township
163126,Harmar Township
163126,Springdale Township
163127,Cheswick Borough
163127,Harmar Township
163127,Springdale Township
163128,Cheswick Borough
163128,Harmar Township
163128,Plum Borough
163129,Plum Borough
163130,Penn Hills Municipality
163130,Plum Borough
163131,Penn Hills Municipality
163131,Plum Borough
163132,Penn Hills Municipality
163133,Penn Hills Municipality
163134,Penn Hills Municipality
163135,Penn Hills Municipality
163136,Penn Hills Municipality
163137,Penn Hills Municipality
163138,Monroeville Municipality
163138,Penn Hills Municipality
163139,Monroeville Municipality
163139,Penn Hills Municipality
163139,Wilkins Township
163140,Monroeville Municipality
163140,Wilkins Township
163141,Monroeville Municipality
163141,Wilkins Township
163142,Monroeville Municipality
163143,Monroeville Municipality
163144,East McKeesport Borough
163144,Monroeville Municipality
163144,North Versailles Township
163144,Wall Borough
163144,Wilmerding Borough
163145,East McKeesport Borough
163145,North Versailles Township
163145,Wilmerding Borough
163146,North Versailles Township
163147,North Versailles Township
163148,North Versailles Township
163148,White Oak Borough
163149,White Oak Borough
163150,White Oak Borough
163151,White Oak Borough
163152,Elizabeth Township
163152,South Versailles Township
163152,White Oak Borough
163153,Elizabeth Township
163153,South Versailles Township
163153,White Oak Borough
163154,Elizabeth Township
163154,South Versailles Township
163155,Elizabeth Township
163155,South Versailles Township
163156,Elizabeth Township
163157,Elizabeth Township
163158,Elizabeth Township
163159,Elizabeth Township
163160,Elizabeth Township
163161,Elizabeth Township
163162,Elizabeth Township
163163,Elizabeth Township
163164,
164112,
164113,Fawn Township
164114,Fawn Township
164115,Fawn Township
164116,Fawn Township
164116,Frazer Township
164117,Frazer Township
164118,Frazer Township
164119,Frazer Township
164120,Frazer Township
164121,East Deer Township
164121,Frazer Township
164122,East Deer Township
164122,Frazer Township
164123,East Deer Township
164123,Frazer Township
164124,Frazer Township
164125,Frazer Township
164125,Springdale Township
164126,Springdale Township
164127,Cheswick Borough
164127,Springdale Borough
164127,Springdale Township
164128,Cheswick Borough
164128,Plum Borough
164128,Springdale Borough
164129,Plum Borough
164129,Springdale Borough
164130,Plum Borough
164131,Penn Hills Municipality
164131,Plum Borough
164132,Penn Hills Municipality
164132,Plum Borough
164133,Penn Hills Municipality
164133,Plum Borough
164134,Penn Hills Municipality
164135,Penn Hills Municipality
164136,Penn Hills Municipality
164137,Monroeville Municipality
164137,Penn Hills Municipality
164138,Monroeville Municipality
164138,Penn Hills Municipality
164139,Monroeville Municipality
164140,Monroeville Municipality
164141,Monroeville Municipality
164142,Monroeville Municipality
164143,Monroeville Municipality
164143,Pitcairn Borough
164144,Monroeville Municipality
164144,North Versailles Township
164144,Wall Borough
164145,North Versailles Township
164145,Wall Borough
164146,North Versailles Township
164147,North Versailles Township
164148,North Versailles Township
164148,White Oak Borough
164149,White Oak Borough
164150,White Oak Borough
164151,White Oak Borough
164152,South Versailles Township
164152,White Oak Borough
164153,Elizabeth Township
164153,South Versailles Township
164153,White Oak Borough
164154,Elizabeth Township
164154,South Versailles Township
164155,Elizabeth Township
164155,South Versailles Township
164156,Elizabeth Township
164157,Elizabeth Township
164158,Elizabeth Township
164159,Elizabeth Township
164160,
164161,
164162,Elizabeth Township
164163,Elizabeth Township
164164,
165112,
165113,Fawn Township
165114,Fawn Township
165115,Fawn Township
165116,Fawn Township
165116,Frazer Township
165117,Fawn Township
165117,Frazer Township
165118,Fawn Township
165118,Frazer Township
165119,Frazer Township
165120,Frazer Township
165121,East Deer Township
165121,Frazer Township
165121,Tarentum Borough
165122,East Deer Township
165123,East Deer Township
165123,Frazer Township
165124,East Deer Township
165124,Frazer Township
165125,East Deer Township
165125,Frazer Township
165125,Springdale Township
165126,Springdale Township
165127,Springdale Borough
165127,Springdale Township
165128,Plum Borough
165128,Springdale Borough
165129,Plum Borough
165129,Springdale Borough
165130,Plum Borough
165131,Plum Borough
165132,Plum Borough
165133,Penn Hills Municipality
165133,Plum Borough
165134,Penn Hills Municipality
165134,Plum Borough
165135,Penn Hills Municipality
165135,Plum Borough
165136,Penn Hills Municipality
165136,Plum Borough
165137,Monroeville Municipality
165137,Penn Hills Municipality
165137,Plum Borough
165138,Monroeville Municipality
165139,Monroeville Municipality
165140,Monroeville Municipality
165141,Monroeville Municipality
165141,Pitcairn Borough
165142,Monroeville Municipality
165142,Pitcairn Borough
165143,Monroeville Municipality
165143,Pitcairn Borough
165144,Monroeville Municipality
165144,North Versailles Township
165144,Pitcairn Borough
165144,Wall Borough
165145,Monroeville Municipality
165145,North Versailles Township
165145,Trafford Borough
165145,Wall Borough
165146,North Versailles Township
165146,Trafford Borough
165147,North Versailles Township
165148,North Versailles Township
165148,White Oak Borough
165149,White Oak Borough
165150,White Oak Borough
165151,White Oak Borough
165152,
165153,
165154,
165155,Elizabeth Township
165156,Elizabeth Township
165157,Elizabeth Township
165158,
165159,
165162,
165163,
165164,
166112,
166113,Fawn Township
166114,Fawn Township
166115,Fawn Township
166116,Fawn Township
166117,Fawn Township
166118,Fawn Township
166118,Frazer Township
166119,Fawn Township
166119,Frazer Township
166119,Tarentum Borough
166120,Frazer Township
166120,Tarentum Borough
166121,East Deer Township
166121,Frazer Township
166121,Tarentum Borough
166122,East Deer Township
166122,Tarentum Borough
166123,East Deer Township
166124,East Deer Township
166125,East Deer Township
166125,Frazer Township
166125,Springdale Township
166126,Springdale Township
166127,Plum Borough
166127,Springdale Borough
166127,Springdale Township
166128,Plum Borough
166128,Springdale Borough
166129,Plum Borough
166130,Plum Borough
166131,Plum Borough
166132,Plum Borough
166133,Plum Borough
166134,Plum Borough
166135,Plum Borough
166136,Plum Borough
166137,Monroeville Municipality
166137,Plum Borough
166138,Monroeville Municipality
166139,Monroeville Municipality
166140,Monroeville Municipality
166141,Monroeville Municipality
166142,Monroeville Municipality
166142,Pitcairn Borough
166143,Monroeville Municipality
166143,Pitcairn Borough
166144,Monroeville Municipality
166144,Trafford Borough
166145,Monroeville Municipality
166145,North Versailles Township
166145,Trafford Borough
166146,Trafford Borough
166147,
166148,
166149,
166150,
166151,
166155,
166156,
166157,
167112,
167113,Fawn Township
167114,Fawn Township
167115,Fawn Township
167116,Fawn Township
167117,Fawn Township
167118,Fawn Township
167119,Fawn Township
167119,Tarentum Borough
167120,Fawn Township
167120,Frazer Township
167120,Harrison Township
167120,Tarentum Borough
167121,Tarentum Borough
167122,East Deer Township
167122,Tarentum Borough
167123,
167124,
167125,
167126,
167127,Plum Borough
167128,Plum Borough
167129,Plum Borough
167130,Plum Borough
167131,Plum Borough
167132,Plum Borough
167133,Plum Borough
167134,Plum Borough
167135,Plum Borough
167136,Plum Borough
167137,Monroeville Municipality
167137,Plum Borough
167138,Monroeville Municipality
167139,Monroeville Municipality
167140,Monroeville Municipality
167141,Monroeville Municipality
167142,Monroeville Municipality
167143,Monroeville Municipality
167144,Monroeville Municipality
167144,Trafford Borough
167145,Monroeville Municipality
167145,Trafford Borough
167146,
167147,
167148,
167149,
167150,
167151,
167152,
168113,
168114,Fawn Township
168115,Fawn Township
168116,Fawn Township
168117,Fawn Township
168118,Fawn Township
168118,Harrison Township
168119,Fawn Township
168119,Harrison Township
168120,Brackenridge Borough
168120,Fawn Township
168120,Harrison Township
168120,Tarentum Borough
168121,Brackenridge Borough
168121,Tarentum Borough
168122,Tarentum Borough
168123,
168126,
168127,Plum Borough
168128,Plum Borough
168129,Plum Borough
168130,Plum Borough
168131,Plum Borough
168132,Plum Borough
168133,Plum Borough
168134,Plum Borough
168135,Plum Borough
168136,Plum Borough
168137,Monroeville Municipality
168137,Plum Borough
168138,Monroeville Municipality
168139,Monroeville Municipality
168140,Monroeville Municipality
168141,Monroeville Municipality
168142,Monroeville Municipality
168143,Monroeville Municipality
168144,Monroeville Municipality
168145,
168146,
168147,
168148,
168149,
168150,
168151,
168152,
169113,
169114,Fawn Township
169115,Fawn Township
169116,Fawn Township
169117,Fawn Township
169117,Harrison Township
169118,Fawn Township
169118,Harrison Township
169119,Harrison Township
169120,Brackenridge Borough
169120,Harrison Township
169121,Brackenridge Borough
169121,Harrison Township
169121,Tarentum Borough
169122,
169126,
169127,Plum Borough
169128,Plum Borough
169129,Plum Borough
169130,Plum Borough
169131,Plum Borough
169132,Plum Borough
169133,Plum Borough
169134,Plum Borough
169135,Plum Borough
169136,Plum Borough
169137,Monroeville Municipality
169137,Plum Borough
169138,Monroeville Municipality
169138,Plum Borough
169139,Monroeville Municipality
169140,Monroeville Municipality
169141,Monroeville Municipality
169142,Monroeville Municipality
169143,Monroeville Municipality
169144,Monroeville Municipality
169145,
169146,
169147,
169148,
169149,
169150,
169151,
170113,
170114,Fawn Township
170114,Harrison Township
170115,Fawn Township
170115,Harrison Township
170116,Fawn Township
170116,Harrison Township
170117,Fawn Township
170117,Harrison Township
170118,Harrison Township
170119,Harrison Township
170120,Harrison Township
170121,Harrison Township
170122,
170126,
170127,
170128,Plum Borough
170129,Plum Borough
170130,Plum Borough
170131,Plum Borough
170132,Plum Borough
170133,Plum Borough
170134,Plum Borough
170135,Plum Borough
170136,Plum Borough
170137,Plum Borough
170138,Monroeville Municipality
170138,Plum Borough
170139,Monroeville Municipality
170139,Plum Borough
170140,Monroeville Municipality
170141,Monroeville Municipality
170142,Monroeville Municipality
170143,Monroeville Municipality
170144,
170145,
170146,
170147,
170148,
170149,
170150,
170151,
171113,
171114,Fawn Township
171114,Harrison Township
171115,Harrison Township
171116,Harrison Township
171117,Harrison Township
171118,Harrison Township
171119,Harrison Township
171120,Harrison Township
171121,
171127,
171128,
171129,Plum Borough
171130,Plum Borough
171131,Plum Borough
171132,Plum Borough
171133,Plum Borough
171134,Plum Borough
171135,Plum Borough
171136,Plum Borough
171137,Plum Borough
171138,Monroeville Municipality
171138,Plum Borough
171139,Monroeville Municipality
171139,Plum Borough
171140,Monroeville Municipality
171141,Monroeville Municipality
171142,Monroeville Municipality
171143,
171144,
171145,
171146,
171147,
171148,
171149,
171150,
172113,
172114,Harrison Township
172115,Harrison Township
172116,Harrison Township
172117,Harrison Township
172118,Harrison Township
172119,Harrison Township
172120,
172128,
172129,
172130,Plum Borough
172131,Plum Borough
172132,Plum Borough
172133,Plum Borough
172134,Plum Borough
172135,Plum Borough
172136,
172137,
172138,
172139,
172140,
172141,
172142,
172143,
172144,
172145,
172146,
172147,
172148,
172149,
173113,
173114,Harrison Township
173115,Harrison Township
173116,Harrison Township
173117,Harrison Township
173118,Harrison Township
173119,
173129,
173130,
173131,
173132,
173133,
173134,
173135,
173145,
173146,
173147,
173148,
174113,
174114,
174115,
174116,
174117,
174118,
174146,
174147,
